{"cameraMode":{"drawMode":0,"name":"Shaded","section":"Shading Mode"},"sceneLighting":true,"audioPlay":false,"sceneViewState":{"showFog":false,"showMaterialUpdate":false,"showSkybox":false,"showFlares":false,"showImageEffects":false,"showParticleSystems":false},"in2DMode":false,"pivot":{"x":5.387176513671875,"y":-7.2472639083862309,"z":-12.394668579101563},"rotation":{"x":0.011262171901762486,"y":0.979564368724823,"z":0.06011611968278885,"w":-0.19227342307567597},"size":31.970462799072267,"orthographic":false}